/IMG/center_2017_02_13_13_10_46_690.jpg,/IMG/left_2017_02_13_13_10_46_690.jpg,/IMG/right_2017_02_13_13_10_46_690.jpg,-0.2,1,0,13.83697
/IMG/center_2017_02_13_13_10_46_757.jpg,/IMG/left_2017_02_13_13_10_46_757.jpg,/IMG/right_2017_02_13_13_10_46_757.jpg,-0.35,1,0,14.24258
/IMG/center_2017_02_13_13_10_46_960.jpg,/IMG/left_2017_02_13_13_10_46_960.jpg,/IMG/right_2017_02_13_13_10_46_960.jpg,-0.05,1,0,16.30306
/IMG/center_2017_02_13_13_10_47_031.jpg,/IMG/left_2017_02_13_13_10_47_031.jpg,/IMG/right_2017_02_13_13_10_47_031.jpg,-0.25,1,0,17.12827
/IMG/center_2017_02_13_13_10_47_101.jpg,/IMG/left_2017_02_13_13_10_47_101.jpg,/IMG/right_2017_02_13_13_10_47_101.jpg,-0.4,1,0,17.90455
/IMG/center_2017_02_13_13_10_47_411.jpg,/IMG/left_2017_02_13_13_10_47_411.jpg,/IMG/right_2017_02_13_13_10_47_411.jpg,-0.2,1,0,21.07705
/IMG/center_2017_02_13_13_10_47_482.jpg,/IMG/left_2017_02_13_13_10_47_482.jpg,/IMG/right_2017_02_13_13_10_47_482.jpg,-0.35,0.9195609,0,21.55327
/IMG/center_2017_02_13_13_10_47_622.jpg,/IMG/left_2017_02_13_13_10_47_622.jpg,/IMG/right_2017_02_13_13_10_47_622.jpg,-0.1,0.5164299,0,22.51042
/IMG/center_2017_02_13_13_10_47_689.jpg,/IMG/left_2017_02_13_13_10_47_689.jpg,/IMG/right_2017_02_13_13_10_47_689.jpg,-0.3,0.275557,0,22.67282
/IMG/center_2017_02_13_13_10_47_761.jpg,/IMG/left_2017_02_13_13_10_47_761.jpg,/IMG/right_2017_02_13_13_10_47_761.jpg,-0.45,0.09612095,0,22.56989
/IMG/center_2017_02_13_13_10_47_829.jpg,/IMG/left_2017_02_13_13_10_47_829.jpg,/IMG/right_2017_02_13_13_10_47_829.jpg,-0.6500001,0,0,22.2469
/IMG/center_2017_02_13_13_10_47_899.jpg,/IMG/left_2017_02_13_13_10_47_899.jpg,/IMG/right_2017_02_13_13_10_47_899.jpg,-0.8000001,0,0,21.97813
/IMG/center_2017_02_13_13_10_48_387.jpg,/IMG/left_2017_02_13_13_10_48_387.jpg,/IMG/right_2017_02_13_13_10_48_387.jpg,-0.1,0,0,20.4097
/IMG/center_2017_02_13_13_10_48_454.jpg,/IMG/left_2017_02_13_13_10_48_454.jpg,/IMG/right_2017_02_13_13_10_48_454.jpg,-0.25,0,0,20.50508
/IMG/center_2017_02_13_13_10_48_524.jpg,/IMG/left_2017_02_13_13_10_48_524.jpg,/IMG/right_2017_02_13_13_10_48_524.jpg,-0.45,0,0,20.25956
/IMG/center_2017_02_13_13_10_48_594.jpg,/IMG/left_2017_02_13_13_10_48_594.jpg,/IMG/right_2017_02_13_13_10_48_594.jpg,-0.6000001,0,0,19.76109
/IMG/center_2017_02_13_13_10_48_874.jpg,/IMG/left_2017_02_13_13_10_48_874.jpg,/IMG/right_2017_02_13_13_10_48_874.jpg,-0.15,0,0,19.01769
/IMG/center_2017_02_13_13_10_48_944.jpg,/IMG/left_2017_02_13_13_10_48_944.jpg,/IMG/right_2017_02_13_13_10_48_944.jpg,-0.35,0,0,18.81951
/IMG/center_2017_02_13_13_10_49_013.jpg,/IMG/left_2017_02_13_13_10_49_013.jpg,/IMG/right_2017_02_13_13_10_49_013.jpg,-0.5000001,0,0,19.03967
/IMG/center_2017_02_13_13_10_49_087.jpg,/IMG/left_2017_02_13_13_10_49_087.jpg,/IMG/right_2017_02_13_13_10_49_087.jpg,-0.7,0,0,18.74603
/IMG/center_2017_02_13_13_10_51_387.jpg,/IMG/left_2017_02_13_13_10_51_387.jpg,/IMG/right_2017_02_13_13_10_51_387.jpg,-0.1,0,0,14.37529
/IMG/center_2017_02_13_13_10_51_454.jpg,/IMG/left_2017_02_13_13_10_51_454.jpg,/IMG/right_2017_02_13_13_10_51_454.jpg,-0.25,0,0,14.76498
/IMG/center_2017_02_13_13_10_51_531.jpg,/IMG/left_2017_02_13_13_10_51_531.jpg,/IMG/right_2017_02_13_13_10_51_531.jpg,-0.45,0,0,14.58208
/IMG/center_2017_02_13_13_10_51_598.jpg,/IMG/left_2017_02_13_13_10_51_598.jpg,/IMG/right_2017_02_13_13_10_51_598.jpg,-0.6000001,0,0,13.89272
/IMG/center_2017_02_13_13_10_51_673.jpg,/IMG/left_2017_02_13_13_10_51_673.jpg,/IMG/right_2017_02_13_13_10_51_673.jpg,-0.8000001,0,0,13.68022
/IMG/center_2017_02_13_13_10_51_741.jpg,/IMG/left_2017_02_13_13_10_51_741.jpg,/IMG/right_2017_02_13_13_10_51_741.jpg,-0.9500002,0,0,13.94711
/IMG/center_2017_02_13_13_10_55_913.jpg,/IMG/left_2017_02_13_13_10_55_913.jpg,/IMG/right_2017_02_13_13_10_55_913.jpg,-0.1,0,0,8.772414
/IMG/center_2017_02_13_13_10_55_983.jpg,/IMG/left_2017_02_13_13_10_55_983.jpg,/IMG/right_2017_02_13_13_10_55_983.jpg,-0.3,0,0,8.678428
/IMG/center_2017_02_13_13_10_56_052.jpg,/IMG/left_2017_02_13_13_10_56_052.jpg,/IMG/right_2017_02_13_13_10_56_052.jpg,-0.45,0,0,8.593369
/IMG/center_2017_02_13_13_10_56_120.jpg,/IMG/left_2017_02_13_13_10_56_120.jpg,/IMG/right_2017_02_13_13_10_56_120.jpg,-0.6000001,0,0,8.497795
/IMG/center_2017_02_13_13_10_56_189.jpg,/IMG/left_2017_02_13_13_10_56_189.jpg,/IMG/right_2017_02_13_13_10_56_189.jpg,-0.8000001,0,0,8.354665
/IMG/center_2017_02_13_13_10_56_259.jpg,/IMG/left_2017_02_13_13_10_56_259.jpg,/IMG/right_2017_02_13_13_10_56_259.jpg,-0.9500002,0,0,8.234437
/IMG/center_2017_02_13_13_10_56_684.jpg,/IMG/left_2017_02_13_13_10_56_684.jpg,/IMG/right_2017_02_13_13_10_56_684.jpg,-0.1,0,0,7.616212
/IMG/center_2017_02_13_13_10_56_751.jpg,/IMG/left_2017_02_13_13_10_56_751.jpg,/IMG/right_2017_02_13_13_10_56_751.jpg,-0.25,0,0,7.557939
/IMG/center_2017_02_13_13_10_56_821.jpg,/IMG/left_2017_02_13_13_10_56_821.jpg,/IMG/right_2017_02_13_13_10_56_821.jpg,-0.4,0,0,7.488693
/IMG/center_2017_02_13_13_10_56_893.jpg,/IMG/left_2017_02_13_13_10_56_893.jpg,/IMG/right_2017_02_13_13_10_56_893.jpg,-0.6000001,0,0,7.382341
/IMG/center_2017_02_13_13_10_56_961.jpg,/IMG/left_2017_02_13_13_10_56_961.jpg,/IMG/right_2017_02_13_13_10_56_961.jpg,-0.7500002,0,0,7.292595
/IMG/center_2017_02_13_13_10_57_032.jpg,/IMG/left_2017_02_13_13_10_57_032.jpg,/IMG/right_2017_02_13_13_10_57_032.jpg,-0.9500002,0,0,7.157901
/IMG/center_2017_02_13_13_10_59_952.jpg,/IMG/left_2017_02_13_13_10_59_952.jpg,/IMG/right_2017_02_13_13_10_59_952.jpg,-0.05,0,0,24.28985
/IMG/center_2017_02_13_13_11_00_025.jpg,/IMG/left_2017_02_13_13_11_00_025.jpg,/IMG/right_2017_02_13_13_11_00_025.jpg,-0.25,0,0,24.06318
/IMG/center_2017_02_13_13_11_00_097.jpg,/IMG/left_2017_02_13_13_11_00_097.jpg,/IMG/right_2017_02_13_13_11_00_097.jpg,-0.4,0,0,23.85028
/IMG/center_2017_02_13_13_11_00_166.jpg,/IMG/left_2017_02_13_13_11_00_166.jpg,/IMG/right_2017_02_13_13_11_00_166.jpg,-0.6000001,0,0,23.50423
/IMG/center_2017_02_13_13_11_00_372.jpg,/IMG/left_2017_02_13_13_11_00_372.jpg,/IMG/right_2017_02_13_13_11_00_372.jpg,-0.05,0,0,22.92215
/IMG/center_2017_02_13_13_11_00_444.jpg,/IMG/left_2017_02_13_13_11_00_444.jpg,/IMG/right_2017_02_13_13_11_00_444.jpg,-0.25,0,0,22.72222
/IMG/center_2017_02_13_13_11_00_516.jpg,/IMG/left_2017_02_13_13_11_00_516.jpg,/IMG/right_2017_02_13_13_11_00_516.jpg,-0.4,0,0,22.53163
/IMG/center_2017_02_13_13_11_00_587.jpg,/IMG/left_2017_02_13_13_11_00_587.jpg,/IMG/right_2017_02_13_13_11_00_587.jpg,-0.6000001,0,0,22.21628
/IMG/center_2017_02_13_13_11_00_656.jpg,/IMG/left_2017_02_13_13_11_00_656.jpg,/IMG/right_2017_02_13_13_11_00_656.jpg,-0.7500002,0,0,21.93634
/IMG/center_2017_02_13_13_11_03_673.jpg,/IMG/left_2017_02_13_13_11_03_673.jpg,/IMG/right_2017_02_13_13_11_03_673.jpg,-0.15,0,0,15.69466
/IMG/center_2017_02_13_13_11_03_743.jpg,/IMG/left_2017_02_13_13_11_03_743.jpg,/IMG/right_2017_02_13_13_11_03_743.jpg,-0.35,0,0,15.53023
/IMG/center_2017_02_13_13_11_03_813.jpg,/IMG/left_2017_02_13_13_11_03_813.jpg,/IMG/right_2017_02_13_13_11_03_813.jpg,-0.5000001,0,0,15.87673
/IMG/center_2017_02_13_13_11_03_883.jpg,/IMG/left_2017_02_13_13_11_03_883.jpg,/IMG/right_2017_02_13_13_11_03_883.jpg,-0.7,0,0,15.61656
/IMG/center_2017_02_13_13_11_03_950.jpg,/IMG/left_2017_02_13_13_11_03_950.jpg,/IMG/right_2017_02_13_13_11_03_950.jpg,-0.8500001,0,0,14.91707
/IMG/center_2017_02_13_13_11_04_498.jpg,/IMG/left_2017_02_13_13_11_04_498.jpg,/IMG/right_2017_02_13_13_11_04_498.jpg,-0.1,0,0,14.48918
/IMG/center_2017_02_13_13_11_04_571.jpg,/IMG/left_2017_02_13_13_11_04_571.jpg,/IMG/right_2017_02_13_13_11_04_571.jpg,-0.3,0,0,14.3396
/IMG/center_2017_02_13_13_11_06_685.jpg,/IMG/left_2017_02_13_13_11_06_685.jpg,/IMG/right_2017_02_13_13_11_06_685.jpg,-0.15,0.2140121,0,29.97313
/IMG/center_2017_02_13_13_11_06_753.jpg,/IMG/left_2017_02_13_13_11_06_753.jpg,/IMG/right_2017_02_13_13_11_06_753.jpg,-0.3,0.03089803,0,29.84693
/IMG/center_2017_02_13_13_11_06_823.jpg,/IMG/left_2017_02_13_13_11_06_823.jpg,/IMG/right_2017_02_13_13_11_06_823.jpg,-0.5000001,0,0,29.47498
/IMG/center_2017_02_13_13_11_07_101.jpg,/IMG/left_2017_02_13_13_11_07_101.jpg,/IMG/right_2017_02_13_13_11_07_101.jpg,-0.1,0,0,28.56849
/IMG/center_2017_02_13_13_11_07_174.jpg,/IMG/left_2017_02_13_13_11_07_174.jpg,/IMG/right_2017_02_13_13_11_07_174.jpg,-0.3,0,0,28.30547
/IMG/center_2017_02_13_13_11_11_165.jpg,/IMG/left_2017_02_13_13_11_11_165.jpg,/IMG/right_2017_02_13_13_11_11_165.jpg,-0.15,0,0,18.87143
/IMG/center_2017_02_13_13_11_11_237.jpg,/IMG/left_2017_02_13_13_11_11_237.jpg,/IMG/right_2017_02_13_13_11_11_237.jpg,-0.3,0,0,18.72249
/IMG/center_2017_02_13_13_11_11_307.jpg,/IMG/left_2017_02_13_13_11_11_307.jpg,/IMG/right_2017_02_13_13_11_11_307.jpg,-0.5000001,0,0,18.47619
/IMG/center_2017_02_13_13_11_11_376.jpg,/IMG/left_2017_02_13_13_11_11_376.jpg,/IMG/right_2017_02_13_13_11_11_376.jpg,-0.6500001,0,0,18.25751
/IMG/center_2017_02_13_13_11_11_588.jpg,/IMG/left_2017_02_13_13_11_11_588.jpg,/IMG/right_2017_02_13_13_11_11_588.jpg,-0.1,0,0,17.87841
/IMG/center_2017_02_13_13_11_11_656.jpg,/IMG/left_2017_02_13_13_11_11_656.jpg,/IMG/right_2017_02_13_13_11_11_656.jpg,-0.25,0,0,17.48486
/IMG/center_2017_02_13_13_11_11_724.jpg,/IMG/left_2017_02_13_13_11_11_724.jpg,/IMG/right_2017_02_13_13_11_11_724.jpg,-0.45,0,0,17.21423
/IMG/center_2017_02_13_13_11_15_727.jpg,/IMG/left_2017_02_13_13_11_15_727.jpg,/IMG/right_2017_02_13_13_11_15_727.jpg,-0.15,0,0,28.4344
/IMG/center_2017_02_13_13_11_15_795.jpg,/IMG/left_2017_02_13_13_11_15_795.jpg,/IMG/right_2017_02_13_13_11_15_795.jpg,-0.3,0,0,28.21941
/IMG/center_2017_02_13_13_11_15_864.jpg,/IMG/left_2017_02_13_13_11_15_864.jpg,/IMG/right_2017_02_13_13_11_15_864.jpg,-0.5000001,0,0,27.86261
/IMG/center_2017_02_13_13_11_15_934.jpg,/IMG/left_2017_02_13_13_11_15_934.jpg,/IMG/right_2017_02_13_13_11_15_934.jpg,-0.6500001,0,0,27.54059
/IMG/center_2017_02_13_13_11_16_001.jpg,/IMG/left_2017_02_13_13_11_16_001.jpg,/IMG/right_2017_02_13_13_11_16_001.jpg,-0.8000001,0,0,27.17525
/IMG/center_2017_02_13_13_11_18_825.jpg,/IMG/left_2017_02_13_13_11_18_825.jpg,/IMG/right_2017_02_13_13_11_18_825.jpg,-0.05,1,0,30.18972
/IMG/center_2017_02_13_13_11_20_789.jpg,/IMG/left_2017_02_13_13_11_20_789.jpg,/IMG/right_2017_02_13_13_11_20_789.jpg,-0.15,0,0,29.11604
/IMG/center_2017_02_13_13_11_20_856.jpg,/IMG/left_2017_02_13_13_11_20_856.jpg,/IMG/right_2017_02_13_13_11_20_856.jpg,-0.3,0,0,28.89589
/IMG/center_2017_02_13_13_11_20_929.jpg,/IMG/left_2017_02_13_13_11_20_929.jpg,/IMG/right_2017_02_13_13_11_20_929.jpg,-0.5000001,0,0,28.53087
/IMG/center_2017_02_13_13_11_21_349.jpg,/IMG/left_2017_02_13_13_11_21_349.jpg,/IMG/right_2017_02_13_13_11_21_349.jpg,-0.1,0,0,27.2051
/IMG/center_2017_02_13_13_11_25_128.jpg,/IMG/left_2017_02_13_13_11_25_128.jpg,/IMG/right_2017_02_13_13_11_25_128.jpg,-0.2,0,0,28.42939
/IMG/center_2017_02_13_13_11_25_407.jpg,/IMG/left_2017_02_13_13_11_25_407.jpg,/IMG/right_2017_02_13_13_11_25_407.jpg,-0.2,0,0,27.58173
/IMG/center_2017_02_13_13_11_25_480.jpg,/IMG/left_2017_02_13_13_11_25_480.jpg,/IMG/right_2017_02_13_13_11_25_480.jpg,-0.35,0,0,27.36312
/IMG/center_2017_02_13_13_11_25_987.jpg,/IMG/left_2017_02_13_13_11_25_987.jpg,/IMG/right_2017_02_13_13_11_25_987.jpg,-0.15,0,0,25.83645
/IMG/center_2017_02_13_13_11_28_858.jpg,/IMG/left_2017_02_13_13_11_28_858.jpg,/IMG/right_2017_02_13_13_11_28_858.jpg,-0.1,0.4770579,0,30.06256
/IMG/center_2017_02_13_13_11_28_928.jpg,/IMG/left_2017_02_13_13_11_28_928.jpg,/IMG/right_2017_02_13_13_11_28_928.jpg,-0.3,0.2212929,0,29.98777
/IMG/center_2017_02_13_13_11_28_997.jpg,/IMG/left_2017_02_13_13_11_28_997.jpg,/IMG/right_2017_02_13_13_11_28_997.jpg,-0.45,0.03688598,0,29.8237
/IMG/center_2017_02_13_13_11_29_210.jpg,/IMG/left_2017_02_13_13_11_29_210.jpg,/IMG/right_2017_02_13_13_11_29_210.jpg,-0.15,0,0,29.10229
/IMG/center_2017_02_13_13_11_29_280.jpg,/IMG/left_2017_02_13_13_11_29_280.jpg,/IMG/right_2017_02_13_13_11_29_280.jpg,-0.3,0,0,28.8957
/IMG/center_2017_02_13_13_11_29_354.jpg,/IMG/left_2017_02_13_13_11_29_354.jpg,/IMG/right_2017_02_13_13_11_29_354.jpg,-0.5000001,0,0,28.54612
/IMG/center_2017_02_13_13_11_32_514.jpg,/IMG/left_2017_02_13_13_11_32_514.jpg,/IMG/right_2017_02_13_13_11_32_514.jpg,-0.05,0,0,29.73124
/IMG/center_2017_02_13_13_11_32_586.jpg,/IMG/left_2017_02_13_13_11_32_586.jpg,/IMG/right_2017_02_13_13_11_32_586.jpg,-0.25,0,0,29.45839
/IMG/center_2017_02_13_13_11_32_653.jpg,/IMG/left_2017_02_13_13_11_32_653.jpg,/IMG/right_2017_02_13_13_11_32_653.jpg,-0.4,0,0,29.20382
/IMG/center_2017_02_13_13_11_32_724.jpg,/IMG/left_2017_02_13_13_11_32_724.jpg,/IMG/right_2017_02_13_13_11_32_724.jpg,-0.6000001,0,0,28.79044
/IMG/center_2017_02_13_13_11_32_793.jpg,/IMG/left_2017_02_13_13_11_32_793.jpg,/IMG/right_2017_02_13_13_11_32_793.jpg,-0.7500002,0,0,28.42663
/IMG/center_2017_02_13_13_11_35_079.jpg,/IMG/left_2017_02_13_13_11_35_079.jpg,/IMG/right_2017_02_13_13_11_35_079.jpg,-0.05,0,0,29.18616
/IMG/center_2017_02_13_13_11_35_146.jpg,/IMG/left_2017_02_13_13_11_35_146.jpg,/IMG/right_2017_02_13_13_11_35_146.jpg,-0.25,0,0,28.91771
/IMG/center_2017_02_13_13_11_35_214.jpg,/IMG/left_2017_02_13_13_11_35_214.jpg,/IMG/right_2017_02_13_13_11_35_214.jpg,-0.4,0,0,28.66759
/IMG/center_2017_02_13_13_11_35_281.jpg,/IMG/left_2017_02_13_13_11_35_281.jpg,/IMG/right_2017_02_13_13_11_35_281.jpg,-0.5500001,0,0,28.37012
/IMG/center_2017_02_13_13_11_35_351.jpg,/IMG/left_2017_02_13_13_11_35_351.jpg,/IMG/right_2017_02_13_13_11_35_351.jpg,-0.7500002,0,0,27.90204
/IMG/center_2017_02_13_13_11_35_561.jpg,/IMG/left_2017_02_13_13_11_35_561.jpg,/IMG/right_2017_02_13_13_11_35_561.jpg,-0.15,0,0,27.19214
/IMG/center_2017_02_13_13_11_35_635.jpg,/IMG/left_2017_02_13_13_11_35_635.jpg,/IMG/right_2017_02_13_13_11_35_635.jpg,-0.35,0,0,26.94351
/IMG/center_2017_02_13_13_11_37_849.jpg,/IMG/left_2017_02_13_13_11_37_849.jpg,/IMG/right_2017_02_13_13_11_37_849.jpg,-0.15,0,0,29.21663
/IMG/center_2017_02_13_13_11_37_921.jpg,/IMG/left_2017_02_13_13_11_37_921.jpg,/IMG/right_2017_02_13_13_11_37_921.jpg,-0.3,0,0,28.99492
/IMG/center_2017_02_13_13_11_37_988.jpg,/IMG/left_2017_02_13_13_11_37_988.jpg,/IMG/right_2017_02_13_13_11_37_988.jpg,-0.5000001,0,0,28.62734
/IMG/center_2017_02_13_13_11_38_057.jpg,/IMG/left_2017_02_13_13_11_38_057.jpg,/IMG/right_2017_02_13_13_11_38_057.jpg,-0.6500001,0,0,28.29657
/IMG/center_2017_02_13_13_11_38_337.jpg,/IMG/left_2017_02_13_13_11_38_337.jpg,/IMG/right_2017_02_13_13_11_38_337.jpg,-0.15,0,0,27.22009
/IMG/center_2017_02_13_13_11_38_405.jpg,/IMG/left_2017_02_13_13_11_38_405.jpg,/IMG/right_2017_02_13_13_11_38_405.jpg,-0.35,0,0,26.96044
/IMG/center_2017_02_13_13_11_38_474.jpg,/IMG/left_2017_02_13_13_11_38_474.jpg,/IMG/right_2017_02_13_13_11_38_474.jpg,-0.5000001,0,0,26.71118
/IMG/center_2017_02_13_13_11_38_544.jpg,/IMG/left_2017_02_13_13_11_38_544.jpg,/IMG/right_2017_02_13_13_11_38_544.jpg,-0.7,0,0,26.30307
/IMG/center_2017_02_13_13_11_40_353.jpg,/IMG/left_2017_02_13_13_11_40_353.jpg,/IMG/right_2017_02_13_13_11_40_353.jpg,-0.05,0,0,29.72785
/IMG/center_2017_02_13_13_11_40_425.jpg,/IMG/left_2017_02_13_13_11_40_425.jpg,/IMG/right_2017_02_13_13_11_40_425.jpg,-0.25,0,0,29.45443
/IMG/center_2017_02_13_13_11_40_496.jpg,/IMG/left_2017_02_13_13_11_40_496.jpg,/IMG/right_2017_02_13_13_11_40_496.jpg,-0.4,0,0,29.19907
/IMG/center_2017_02_13_13_11_40_568.jpg,/IMG/left_2017_02_13_13_11_40_568.jpg,/IMG/right_2017_02_13_13_11_40_568.jpg,-0.6000001,0,0,28.78252
/IMG/center_2017_02_13_13_11_40_777.jpg,/IMG/left_2017_02_13_13_11_40_777.jpg,/IMG/right_2017_02_13_13_11_40_777.jpg,-0.15,0,0,28.15882
/IMG/center_2017_02_13_13_11_40_845.jpg,/IMG/left_2017_02_13_13_11_40_845.jpg,/IMG/right_2017_02_13_13_11_40_845.jpg,-0.35,0,0,27.88417
/IMG/center_2017_02_13_13_11_40_917.jpg,/IMG/left_2017_02_13_13_11_40_917.jpg,/IMG/right_2017_02_13_13_11_40_917.jpg,-0.5000001,0,0,27.62257
/IMG/center_2017_02_13_13_11_40_987.jpg,/IMG/left_2017_02_13_13_11_40_987.jpg,/IMG/right_2017_02_13_13_11_40_987.jpg,-0.7,0,0,27.19772
/IMG/center_2017_02_13_13_11_41_060.jpg,/IMG/left_2017_02_13_13_11_41_060.jpg,/IMG/right_2017_02_13_13_11_41_060.jpg,-0.8500001,0,0,26.82689
/IMG/center_2017_02_13_13_11_42_266.jpg,/IMG/left_2017_02_13_13_11_42_266.jpg,/IMG/right_2017_02_13_13_11_42_266.jpg,-0.15,0.7585481,0,30.13005
/IMG/center_2017_02_13_13_11_42_338.jpg,/IMG/left_2017_02_13_13_11_42_338.jpg,/IMG/right_2017_02_13_13_11_42_338.jpg,-0.3,0.5875331,0,30.07198
/IMG/center_2017_02_13_13_11_42_412.jpg,/IMG/left_2017_02_13_13_11_42_412.jpg,/IMG/right_2017_02_13_13_11_42_412.jpg,-0.5000001,0.3425171,0,29.99397
/IMG/center_2017_02_13_13_11_42_480.jpg,/IMG/left_2017_02_13_13_11_42_480.jpg,/IMG/right_2017_02_13_13_11_42_480.jpg,-0.6500001,0.1597632,0,29.83924
/IMG/center_2017_02_13_13_11_42_693.jpg,/IMG/left_2017_02_13_13_11_42_693.jpg,/IMG/right_2017_02_13_13_11_42_693.jpg,-0.15,0,0,29.12199
/IMG/center_2017_02_13_13_11_42_761.jpg,/IMG/left_2017_02_13_13_11_42_761.jpg,/IMG/right_2017_02_13_13_11_42_761.jpg,-0.3,0,0,28.92251
/IMG/center_2017_02_13_13_11_43_188.jpg,/IMG/left_2017_02_13_13_11_43_188.jpg,/IMG/right_2017_02_13_13_11_43_188.jpg,-0.15,0,0,27.65443
/IMG/center_2017_02_13_13_11_43_259.jpg,/IMG/left_2017_02_13_13_11_43_259.jpg,/IMG/right_2017_02_13_13_11_43_259.jpg,-0.3,0,0,27.44671
/IMG/center_2017_02_13_13_11_43_332.jpg,/IMG/left_2017_02_13_13_11_43_332.jpg,/IMG/right_2017_02_13_13_11_43_332.jpg,-0.5000001,0,0,27.10084
/IMG/center_2017_02_13_13_11_46_712.jpg,/IMG/left_2017_02_13_13_11_46_712.jpg,/IMG/right_2017_02_13_13_11_46_712.jpg,-0.1,0.16138,0,29.9807
/IMG/center_2017_02_13_13_11_46_779.jpg,/IMG/left_2017_02_13_13_11_46_779.jpg,/IMG/right_2017_02_13_13_11_46_779.jpg,-0.25,0,0,29.82668
/IMG/center_2017_02_13_13_11_46_848.jpg,/IMG/left_2017_02_13_13_11_46_848.jpg,/IMG/right_2017_02_13_13_11_46_848.jpg,-0.45,0,0,29.47243
/IMG/center_2017_02_13_13_11_46_916.jpg,/IMG/left_2017_02_13_13_11_46_916.jpg,/IMG/right_2017_02_13_13_11_46_916.jpg,-0.6000001,0,0,29.15079
/IMG/center_2017_02_13_13_11_47_128.jpg,/IMG/left_2017_02_13_13_11_47_128.jpg,/IMG/right_2017_02_13_13_11_47_128.jpg,-0.1,0,0,28.465
/IMG/center_2017_02_13_13_11_47_198.jpg,/IMG/left_2017_02_13_13_11_47_198.jpg,/IMG/right_2017_02_13_13_11_47_198.jpg,-0.25,0,0,28.2745
/IMG/center_2017_02_13_13_11_50_733.jpg,/IMG/left_2017_02_13_13_11_50_733.jpg,/IMG/right_2017_02_13_13_11_50_733.jpg,-0.1,0,0,29.08047
/IMG/center_2017_02_13_13_11_50_808.jpg,/IMG/left_2017_02_13_13_11_50_808.jpg,/IMG/right_2017_02_13_13_11_50_808.jpg,-0.3,0,0,28.79523
/IMG/center_2017_02_13_13_11_50_876.jpg,/IMG/left_2017_02_13_13_11_50_876.jpg,/IMG/right_2017_02_13_13_11_50_876.jpg,-0.45,0,0,28.52851
/IMG/center_2017_02_13_13_11_51_090.jpg,/IMG/left_2017_02_13_13_11_51_090.jpg,/IMG/right_2017_02_13_13_11_51_090.jpg,-0.05,0,0,27.77604
/IMG/center_2017_02_13_13_11_51_160.jpg,/IMG/left_2017_02_13_13_11_51_160.jpg,/IMG/right_2017_02_13_13_11_51_160.jpg,-0.2,0,0,27.59903
/IMG/center_2017_02_13_13_12_00_183.jpg,/IMG/left_2017_02_13_13_12_00_183.jpg,/IMG/right_2017_02_13_13_12_00_183.jpg,-0.15,0,0,20.96501
/IMG/center_2017_02_13_13_12_00_253.jpg,/IMG/left_2017_02_13_13_12_00_253.jpg,/IMG/right_2017_02_13_13_12_00_253.jpg,-0.3,0,0,20.8009
/IMG/center_2017_02_13_13_12_00_466.jpg,/IMG/left_2017_02_13_13_12_00_466.jpg,/IMG/right_2017_02_13_13_12_00_466.jpg,-0.1,0,0,20.24622
/IMG/center_2017_02_13_13_12_00_538.jpg,/IMG/left_2017_02_13_13_12_00_538.jpg,/IMG/right_2017_02_13_13_12_00_538.jpg,-0.25,0,0,20.11041
/IMG/center_2017_02_13_13_12_00_608.jpg,/IMG/left_2017_02_13_13_12_00_608.jpg,/IMG/right_2017_02_13_13_12_00_608.jpg,-0.45,0,0,19.87581
/IMG/center_2017_02_13_13_12_00_675.jpg,/IMG/left_2017_02_13_13_12_00_675.jpg,/IMG/right_2017_02_13_13_12_00_675.jpg,-0.6000001,0,0,19.64575
/IMG/center_2017_02_13_13_12_03_457.jpg,/IMG/left_2017_02_13_13_12_03_457.jpg,/IMG/right_2017_02_13_13_12_03_457.jpg,-0.05,0,0,15.01276
/IMG/center_2017_02_13_13_12_03_528.jpg,/IMG/left_2017_02_13_13_12_03_528.jpg,/IMG/right_2017_02_13_13_12_03_528.jpg,-0.25,0,0,14.86929
/IMG/center_2017_02_13_13_12_03_597.jpg,/IMG/left_2017_02_13_13_12_03_597.jpg,/IMG/right_2017_02_13_13_12_03_597.jpg,-0.4,0,0,14.22524
/IMG/center_2017_02_13_13_12_03_888.jpg,/IMG/left_2017_02_13_13_12_03_888.jpg,/IMG/right_2017_02_13_13_12_03_888.jpg,-0.15,0,0,14.16239
/IMG/center_2017_02_13_13_12_03_957.jpg,/IMG/left_2017_02_13_13_12_03_957.jpg,/IMG/right_2017_02_13_13_12_03_957.jpg,-0.3,0,0,13.55626
/IMG/center_2017_02_13_13_12_04_030.jpg,/IMG/left_2017_02_13_13_12_04_030.jpg,/IMG/right_2017_02_13_13_12_04_030.jpg,-0.5000001,0,0,13.33139
/IMG/center_2017_02_13_13_12_04_104.jpg,/IMG/left_2017_02_13_13_12_04_104.jpg,/IMG/right_2017_02_13_13_12_04_104.jpg,-0.7,0,0,13.13095
/IMG/center_2017_02_13_13_12_04_177.jpg,/IMG/left_2017_02_13_13_12_04_177.jpg,/IMG/right_2017_02_13_13_12_04_177.jpg,-0.8500001,0,0,13.45925
/IMG/center_2017_02_13_13_12_05_687.jpg,/IMG/left_2017_02_13_13_12_05_687.jpg,/IMG/right_2017_02_13_13_12_05_687.jpg,-0.1,0,0,18.21084
/IMG/center_2017_02_13_13_12_05_757.jpg,/IMG/left_2017_02_13_13_12_05_757.jpg,/IMG/right_2017_02_13_13_12_05_757.jpg,-0.25,0,0,17.57769
/IMG/center_2017_02_13_13_12_05_832.jpg,/IMG/left_2017_02_13_13_12_05_832.jpg,/IMG/right_2017_02_13_13_12_05_832.jpg,-0.45,0,0,17.36953
/IMG/center_2017_02_13_13_12_05_901.jpg,/IMG/left_2017_02_13_13_12_05_901.jpg,/IMG/right_2017_02_13_13_12_05_901.jpg,-0.6000001,0,0,17.63835
/IMG/center_2017_02_13_13_12_06_048.jpg,/IMG/left_2017_02_13_13_12_06_048.jpg,/IMG/right_2017_02_13_13_12_06_048.jpg,-0.05,0,0,17.25496
/IMG/center_2017_02_13_13_12_06_140.jpg,/IMG/left_2017_02_13_13_12_06_140.jpg,/IMG/right_2017_02_13_13_12_06_140.jpg,-0.25,0,0,17.10817
/IMG/center_2017_02_13_13_12_06_214.jpg,/IMG/left_2017_02_13_13_12_06_214.jpg,/IMG/right_2017_02_13_13_12_06_214.jpg,-0.45,0,0,16.90775
/IMG/center_2017_02_13_13_12_06_281.jpg,/IMG/left_2017_02_13_13_12_06_281.jpg,/IMG/right_2017_02_13_13_12_06_281.jpg,-0.6000001,0,0,16.23343
/IMG/center_2017_02_13_13_12_06_353.jpg,/IMG/left_2017_02_13_13_12_06_353.jpg,/IMG/right_2017_02_13_13_12_06_353.jpg,-0.8000001,0,0,15.96519
/IMG/center_2017_02_13_13_12_07_611.jpg,/IMG/left_2017_02_13_13_12_07_611.jpg,/IMG/right_2017_02_13_13_12_07_611.jpg,-0.05,0.1239371,0,18.47618
/IMG/center_2017_02_13_13_12_07_685.jpg,/IMG/left_2017_02_13_13_12_07_685.jpg,/IMG/right_2017_02_13_13_12_07_685.jpg,-0.25,0,0,18.3577
/IMG/center_2017_02_13_13_12_07_752.jpg,/IMG/left_2017_02_13_13_12_07_752.jpg,/IMG/right_2017_02_13_13_12_07_752.jpg,-0.4,0,0,17.73828
/IMG/center_2017_02_13_13_12_07_829.jpg,/IMG/left_2017_02_13_13_12_07_829.jpg,/IMG/right_2017_02_13_13_12_07_829.jpg,-0.6000001,0,0,17.48685
/IMG/center_2017_02_13_13_12_07_973.jpg,/IMG/left_2017_02_13_13_12_07_973.jpg,/IMG/right_2017_02_13_13_12_07_973.jpg,-0.05,0,0,17.67476
/IMG/center_2017_02_13_13_12_08_040.jpg,/IMG/left_2017_02_13_13_12_08_040.jpg,/IMG/right_2017_02_13_13_12_08_040.jpg,-0.2,0,0,17.03743
/IMG/center_2017_02_13_13_12_08_110.jpg,/IMG/left_2017_02_13_13_12_08_110.jpg,/IMG/right_2017_02_13_13_12_08_110.jpg,-0.4,0,0,16.86038
/IMG/center_2017_02_13_13_12_08_177.jpg,/IMG/left_2017_02_13_13_12_08_177.jpg,/IMG/right_2017_02_13_13_12_08_177.jpg,-0.5500001,0,0,17.17452
/IMG/center_2017_02_13_13_12_08_245.jpg,/IMG/left_2017_02_13_13_12_08_245.jpg,/IMG/right_2017_02_13_13_12_08_245.jpg,-0.7500002,0,0,16.89276
/IMG/center_2017_02_13_13_12_08_322.jpg,/IMG/left_2017_02_13_13_12_08_322.jpg,/IMG/right_2017_02_13_13_12_08_322.jpg,-0.9000002,0,0,16.20213
/IMG/center_2017_02_13_13_12_09_653.jpg,/IMG/left_2017_02_13_13_12_09_653.jpg,/IMG/right_2017_02_13_13_12_09_653.jpg,-0.1,0,0,14.15862
/IMG/center_2017_02_13_13_12_09_720.jpg,/IMG/left_2017_02_13_13_12_09_720.jpg,/IMG/right_2017_02_13_13_12_09_720.jpg,-0.25,0,0,13.47713
/IMG/center_2017_02_13_13_12_09_789.jpg,/IMG/left_2017_02_13_13_12_09_789.jpg,/IMG/right_2017_02_13_13_12_09_789.jpg,-0.45,0,0,13.31456
/IMG/center_2017_02_13_13_12_09_857.jpg,/IMG/left_2017_02_13_13_12_09_857.jpg,/IMG/right_2017_02_13_13_12_09_857.jpg,-0.6000001,0,0,13.68856
/IMG/center_2017_02_13_13_12_09_928.jpg,/IMG/left_2017_02_13_13_12_09_928.jpg,/IMG/right_2017_02_13_13_12_09_928.jpg,-0.8000001,0,0,13.45304
/IMG/center_2017_02_13_13_12_10_072.jpg,/IMG/left_2017_02_13_13_12_10_072.jpg,/IMG/right_2017_02_13_13_12_10_072.jpg,-0.1,0,0,12.74595
/IMG/center_2017_02_13_13_12_10_147.jpg,/IMG/left_2017_02_13_13_12_10_147.jpg,/IMG/right_2017_02_13_13_12_10_147.jpg,-0.3,0,0,12.76345
/IMG/center_2017_02_13_13_12_10_218.jpg,/IMG/left_2017_02_13_13_12_10_218.jpg,/IMG/right_2017_02_13_13_12_10_218.jpg,-0.45,0,0,12.86659
/IMG/center_2017_02_13_13_12_10_289.jpg,/IMG/left_2017_02_13_13_12_10_289.jpg,/IMG/right_2017_02_13_13_12_10_289.jpg,-0.6500001,0,0,12.61269
/IMG/center_2017_02_13_13_12_10_357.jpg,/IMG/left_2017_02_13_13_12_10_357.jpg,/IMG/right_2017_02_13_13_12_10_357.jpg,-0.8000001,0,0,12.2452
/IMG/center_2017_02_13_13_12_11_885.jpg,/IMG/left_2017_02_13_13_12_11_885.jpg,/IMG/right_2017_02_13_13_12_11_885.jpg,-0.15,0,0,19.46217
/IMG/center_2017_02_13_13_12_11_954.jpg,/IMG/left_2017_02_13_13_12_11_954.jpg,/IMG/right_2017_02_13_13_12_11_954.jpg,-0.3,0,0,18.93174
/IMG/center_2017_02_13_13_12_12_025.jpg,/IMG/left_2017_02_13_13_12_12_025.jpg,/IMG/right_2017_02_13_13_12_12_025.jpg,-0.5000001,0,0,18.68304
/IMG/center_2017_02_13_13_12_12_099.jpg,/IMG/left_2017_02_13_13_12_12_099.jpg,/IMG/right_2017_02_13_13_12_12_099.jpg,-0.6500001,0,0,18.85116
/IMG/center_2017_02_13_13_12_12_312.jpg,/IMG/left_2017_02_13_13_12_12_312.jpg,/IMG/right_2017_02_13_13_12_12_312.jpg,-0.15,0,0,17.81993
/IMG/center_2017_02_13_13_12_12_384.jpg,/IMG/left_2017_02_13_13_12_12_384.jpg,/IMG/right_2017_02_13_13_12_12_384.jpg,-0.35,0,0,17.64941
/IMG/center_2017_02_13_13_12_14_443.jpg,/IMG/left_2017_02_13_13_12_14_443.jpg,/IMG/right_2017_02_13_13_12_14_443.jpg,-0.1,0.02848601,0,29.90015
/IMG/center_2017_02_13_13_12_14_513.jpg,/IMG/left_2017_02_13_13_12_14_513.jpg,/IMG/right_2017_02_13_13_12_14_513.jpg,-0.25,0,0,29.69259
/IMG/center_2017_02_13_13_12_14_589.jpg,/IMG/left_2017_02_13_13_12_14_589.jpg,/IMG/right_2017_02_13_13_12_14_589.jpg,-0.45,0,0,29.34137
/IMG/center_2017_02_13_13_12_14_661.jpg,/IMG/left_2017_02_13_13_12_14_661.jpg,/IMG/right_2017_02_13_13_12_14_661.jpg,-0.6000001,0,0,29.02164
/IMG/center_2017_02_13_13_12_14_814.jpg,/IMG/left_2017_02_13_13_12_14_814.jpg,/IMG/right_2017_02_13_13_12_14_814.jpg,-0.1,0,0,28.51671
/IMG/center_2017_02_13_13_12_14_881.jpg,/IMG/left_2017_02_13_13_12_14_881.jpg,/IMG/right_2017_02_13_13_12_14_881.jpg,-0.25,0,0,28.33216
/IMG/center_2017_02_13_13_12_22_926.jpg,/IMG/left_2017_02_13_13_12_22_926.jpg,/IMG/right_2017_02_13_13_12_22_926.jpg,-0.2,1,0,30.17745
/IMG/center_2017_02_13_13_12_23_000.jpg,/IMG/left_2017_02_13_13_12_23_000.jpg,/IMG/right_2017_02_13_13_12_23_000.jpg,-0.35,1,0,30.16214
/IMG/center_2017_02_13_13_12_23_355.jpg,/IMG/left_2017_02_13_13_12_23_355.jpg,/IMG/right_2017_02_13_13_12_23_355.jpg,-0.05,1,0,30.1898
/IMG/center_2017_02_13_13_12_28_190.jpg,/IMG/left_2017_02_13_13_12_28_190.jpg,/IMG/right_2017_02_13_13_12_28_190.jpg,-0.15,0,0,26.69913
/IMG/center_2017_02_13_13_12_28_262.jpg,/IMG/left_2017_02_13_13_12_28_262.jpg,/IMG/right_2017_02_13_13_12_28_262.jpg,-0.3,0,0,26.49477
/IMG/center_2017_02_13_13_12_28_329.jpg,/IMG/left_2017_02_13_13_12_28_329.jpg,/IMG/right_2017_02_13_13_12_28_329.jpg,-0.5000001,0,0,26.15564
/IMG/center_2017_02_13_13_12_28_400.jpg,/IMG/left_2017_02_13_13_12_28_400.jpg,/IMG/right_2017_02_13_13_12_28_400.jpg,-0.6500001,0,0,25.85063
/IMG/center_2017_02_13_13_12_28_749.jpg,/IMG/left_2017_02_13_13_12_28_749.jpg,/IMG/right_2017_02_13_13_12_28_749.jpg,-0.15,0,0,24.7219
/IMG/center_2017_02_13_13_12_28_819.jpg,/IMG/left_2017_02_13_13_12_28_819.jpg,/IMG/right_2017_02_13_13_12_28_819.jpg,-0.3,0,0,24.53988
/IMG/center_2017_02_13_13_12_28_888.jpg,/IMG/left_2017_02_13_13_12_28_888.jpg,/IMG/right_2017_02_13_13_12_28_888.jpg,-0.5000001,0,0,24.23269
/IMG/center_2017_02_13_13_12_30_153.jpg,/IMG/left_2017_02_13_13_12_30_153.jpg,/IMG/right_2017_02_13_13_12_30_153.jpg,-0.15,0,0,21.25986
/IMG/center_2017_02_13_13_12_30_221.jpg,/IMG/left_2017_02_13_13_12_30_221.jpg,/IMG/right_2017_02_13_13_12_30_221.jpg,-0.3,0,0,21.0936
/IMG/center_2017_02_13_13_12_30_294.jpg,/IMG/left_2017_02_13_13_12_30_294.jpg,/IMG/right_2017_02_13_13_12_30_294.jpg,-0.5000001,0,0,20.81643
/IMG/center_2017_02_13_13_12_30_364.jpg,/IMG/left_2017_02_13_13_12_30_364.jpg,/IMG/right_2017_02_13_13_12_30_364.jpg,-0.7,0,0,20.4809
/IMG/center_2017_02_13_13_12_30_433.jpg,/IMG/left_2017_02_13_13_12_30_433.jpg,/IMG/right_2017_02_13_13_12_30_433.jpg,-0.8500001,0,0,20.19404
/IMG/center_2017_02_13_13_12_30_648.jpg,/IMG/left_2017_02_13_13_12_30_648.jpg,/IMG/right_2017_02_13_13_12_30_648.jpg,-0.2,0,0,19.70303
/IMG/center_2017_02_13_13_12_30_719.jpg,/IMG/left_2017_02_13_13_12_30_719.jpg,/IMG/right_2017_02_13_13_12_30_719.jpg,-0.35,0,0,19.36258
/IMG/center_2017_02_13_13_12_30_791.jpg,/IMG/left_2017_02_13_13_12_30_791.jpg,/IMG/right_2017_02_13_13_12_30_791.jpg,-0.5500001,0,0,19.08013
/IMG/center_2017_02_13_13_12_30_863.jpg,/IMG/left_2017_02_13_13_12_30_863.jpg,/IMG/right_2017_02_13_13_12_30_863.jpg,-0.7500002,0,0,18.75045
/IMG/center_2017_02_13_13_12_30_935.jpg,/IMG/left_2017_02_13_13_12_30_935.jpg,/IMG/right_2017_02_13_13_12_30_935.jpg,-0.9000002,0,0,18.80319
/IMG/center_2017_02_13_13_12_32_550.jpg,/IMG/left_2017_02_13_13_12_32_550.jpg,/IMG/right_2017_02_13_13_12_32_550.jpg,-0.15,0,0,18.27272
/IMG/center_2017_02_13_13_12_32_622.jpg,/IMG/left_2017_02_13_13_12_32_622.jpg,/IMG/right_2017_02_13_13_12_32_622.jpg,-0.35,0,0,18.08109
/IMG/center_2017_02_13_13_12_32_689.jpg,/IMG/left_2017_02_13_13_12_32_689.jpg,/IMG/right_2017_02_13_13_12_32_689.jpg,-0.5000001,0,0,18.35124
/IMG/center_2017_02_13_13_12_32_756.jpg,/IMG/left_2017_02_13_13_12_32_756.jpg,/IMG/right_2017_02_13_13_12_32_756.jpg,-0.6500001,0,0,17.69627
/IMG/center_2017_02_13_13_12_33_036.jpg,/IMG/left_2017_02_13_13_12_33_036.jpg,/IMG/right_2017_02_13_13_12_33_036.jpg,-0.2,0,0,16.91203
/IMG/center_2017_02_13_13_12_33_106.jpg,/IMG/left_2017_02_13_13_12_33_106.jpg,/IMG/right_2017_02_13_13_12_33_106.jpg,-0.4,0,0,16.74283
/IMG/center_2017_02_13_13_12_33_174.jpg,/IMG/left_2017_02_13_13_12_33_174.jpg,/IMG/right_2017_02_13_13_12_33_174.jpg,-0.5500001,0,0,17.06588
/IMG/center_2017_02_13_13_12_33_242.jpg,/IMG/left_2017_02_13_13_12_33_242.jpg,/IMG/right_2017_02_13_13_12_33_242.jpg,-0.7,0,0,16.38565
/IMG/center_2017_02_13_13_12_33_309.jpg,/IMG/left_2017_02_13_13_12_33_309.jpg,/IMG/right_2017_02_13_13_12_33_309.jpg,-0.9000002,0,0,16.09655
/IMG/center_2017_02_13_13_12_34_288.jpg,/IMG/left_2017_02_13_13_12_34_288.jpg,/IMG/right_2017_02_13_13_12_34_288.jpg,-0.25,0,0,14.7259
/IMG/center_2017_02_13_13_12_34_355.jpg,/IMG/left_2017_02_13_13_12_34_355.jpg,/IMG/right_2017_02_13_13_12_34_355.jpg,-0.4,0,0,14.08351
/IMG/center_2017_02_13_13_12_34_425.jpg,/IMG/left_2017_02_13_13_12_34_425.jpg,/IMG/right_2017_02_13_13_12_34_425.jpg,-0.6000001,0,0,13.89391
/IMG/center_2017_02_13_13_12_34_497.jpg,/IMG/left_2017_02_13_13_12_34_497.jpg,/IMG/right_2017_02_13_13_12_34_497.jpg,-0.7500002,0,0,14.18718
/IMG/center_2017_02_13_13_12_34_711.jpg,/IMG/left_2017_02_13_13_12_34_711.jpg,/IMG/right_2017_02_13_13_12_34_711.jpg,-0.1,0,0,13.18128
/IMG/center_2017_02_13_13_12_34_779.jpg,/IMG/left_2017_02_13_13_12_34_779.jpg,/IMG/right_2017_02_13_13_12_34_779.jpg,-0.25,0,0,13.61284
/IMG/center_2017_02_13_13_12_34_852.jpg,/IMG/left_2017_02_13_13_12_34_852.jpg,/IMG/right_2017_02_13_13_12_34_852.jpg,-0.45,0,0,13.4341
/IMG/center_2017_02_13_13_12_34_925.jpg,/IMG/left_2017_02_13_13_12_34_925.jpg,/IMG/right_2017_02_13_13_12_34_925.jpg,-0.6500001,0,0,13.22178
/IMG/center_2017_02_13_13_12_34_991.jpg,/IMG/left_2017_02_13_13_12_34_991.jpg,/IMG/right_2017_02_13_13_12_34_991.jpg,-0.8000001,0,0,12.54964
/IMG/center_2017_02_13_13_12_37_095.jpg,/IMG/left_2017_02_13_13_12_37_095.jpg,/IMG/right_2017_02_13_13_12_37_095.jpg,-0.15,0,0,20.57852
/IMG/center_2017_02_13_13_12_37_166.jpg,/IMG/left_2017_02_13_13_12_37_166.jpg,/IMG/right_2017_02_13_13_12_37_166.jpg,-0.35,0,0,20.35834
/IMG/center_2017_02_13_13_12_37_240.jpg,/IMG/left_2017_02_13_13_12_37_240.jpg,/IMG/right_2017_02_13_13_12_37_240.jpg,-0.5000001,0,0,20.44433
/IMG/center_2017_02_13_13_12_37_448.jpg,/IMG/left_2017_02_13_13_12_37_448.jpg,/IMG/right_2017_02_13_13_12_37_448.jpg,-0.15,0,0,19.63532
/IMG/center_2017_02_13_13_12_37_520.jpg,/IMG/left_2017_02_13_13_12_37_520.jpg,/IMG/right_2017_02_13_13_12_37_520.jpg,-0.3,0,0,19.84189
/IMG/center_2017_02_13_13_12_37_592.jpg,/IMG/left_2017_02_13_13_12_37_592.jpg,/IMG/right_2017_02_13_13_12_37_592.jpg,-0.5000001,0,0,19.58785
/IMG/center_2017_02_13_13_12_37_663.jpg,/IMG/left_2017_02_13_13_12_37_663.jpg,/IMG/right_2017_02_13_13_12_37_663.jpg,-0.7,0,0,19.28896
/IMG/center_2017_02_13_13_12_37_735.jpg,/IMG/left_2017_02_13_13_12_37_735.jpg,/IMG/right_2017_02_13_13_12_37_735.jpg,-0.8500001,0,0,18.68906
/IMG/center_2017_02_13_13_12_39_566.jpg,/IMG/left_2017_02_13_13_12_39_566.jpg,/IMG/right_2017_02_13_13_12_39_566.jpg,-0.1,0,0,27.62481
/IMG/center_2017_02_13_13_12_39_634.jpg,/IMG/left_2017_02_13_13_12_39_634.jpg,/IMG/right_2017_02_13_13_12_39_634.jpg,-0.25,0,0,27.42819
/IMG/center_2017_02_13_13_12_39_702.jpg,/IMG/left_2017_02_13_13_12_39_702.jpg,/IMG/right_2017_02_13_13_12_39_702.jpg,-0.4,0,0,27.18982
/IMG/center_2017_02_13_13_12_39_772.jpg,/IMG/left_2017_02_13_13_12_39_772.jpg,/IMG/right_2017_02_13_13_12_39_772.jpg,-0.6000001,0,0,26.80195
/IMG/center_2017_02_13_13_12_39_985.jpg,/IMG/left_2017_02_13_13_12_39_985.jpg,/IMG/right_2017_02_13_13_12_39_985.jpg,-0.15,0,0,26.10197
/IMG/center_2017_02_13_13_12_40_052.jpg,/IMG/left_2017_02_13_13_12_40_052.jpg,/IMG/right_2017_02_13_13_12_40_052.jpg,-0.3,0,0,25.91977
/IMG/center_2017_02_13_13_12_40_123.jpg,/IMG/left_2017_02_13_13_12_40_123.jpg,/IMG/right_2017_02_13_13_12_40_123.jpg,-0.5000001,0,0,25.60735
/IMG/center_2017_02_13_13_12_40_195.jpg,/IMG/left_2017_02_13_13_12_40_195.jpg,/IMG/right_2017_02_13_13_12_40_195.jpg,-0.6500001,0,0,25.31883
/IMG/center_2017_02_13_13_12_42_601.jpg,/IMG/left_2017_02_13_13_12_42_601.jpg,/IMG/right_2017_02_13_13_12_42_601.jpg,-0.1,0,0,27.93675
/IMG/center_2017_02_13_13_12_42_671.jpg,/IMG/left_2017_02_13_13_12_42_671.jpg,/IMG/right_2017_02_13_13_12_42_671.jpg,-0.3,0,0,27.66213
/IMG/center_2017_02_13_13_12_42_739.jpg,/IMG/left_2017_02_13_13_12_42_739.jpg,/IMG/right_2017_02_13_13_12_42_739.jpg,-0.45,0,0,27.4057
/IMG/center_2017_02_13_13_12_42_955.jpg,/IMG/left_2017_02_13_13_12_42_955.jpg,/IMG/right_2017_02_13_13_12_42_955.jpg,-0.05,0,0,26.62428
/IMG/center_2017_02_13_13_12_43_025.jpg,/IMG/left_2017_02_13_13_12_43_025.jpg,/IMG/right_2017_02_13_13_12_43_025.jpg,-0.25,0,0,26.39628
/IMG/center_2017_02_13_13_12_43_094.jpg,/IMG/left_2017_02_13_13_12_43_094.jpg,/IMG/right_2017_02_13_13_12_43_094.jpg,-0.4,0,0,26.17969
/IMG/center_2017_02_13_13_12_43_167.jpg,/IMG/left_2017_02_13_13_12_43_167.jpg,/IMG/right_2017_02_13_13_12_43_167.jpg,-0.6000001,0,0,25.81877
/IMG/center_2017_02_13_13_12_43_235.jpg,/IMG/left_2017_02_13_13_12_43_235.jpg,/IMG/right_2017_02_13_13_12_43_235.jpg,-0.7500002,0,0,25.49656
/IMG/center_2017_02_13_13_12_45_636.jpg,/IMG/left_2017_02_13_13_12_45_636.jpg,/IMG/right_2017_02_13_13_12_45_636.jpg,-0.15,0,0,29.30534
/IMG/center_2017_02_13_13_12_45_703.jpg,/IMG/left_2017_02_13_13_12_45_703.jpg,/IMG/right_2017_02_13_13_12_45_703.jpg,-0.35,0,0,28.99907
/IMG/center_2017_02_13_13_12_45_775.jpg,/IMG/left_2017_02_13_13_12_45_775.jpg,/IMG/right_2017_02_13_13_12_45_775.jpg,-0.5000001,0,0,28.71478
/IMG/center_2017_02_13_13_12_46_059.jpg,/IMG/left_2017_02_13_13_12_46_059.jpg,/IMG/right_2017_02_13_13_12_46_059.jpg,-0.15,0,0,27.76805
/IMG/center_2017_02_13_13_12_46_131.jpg,/IMG/left_2017_02_13_13_12_46_131.jpg,/IMG/right_2017_02_13_13_12_46_131.jpg,-0.35,0,0,27.49302
/IMG/center_2017_02_13_13_12_46_199.jpg,/IMG/left_2017_02_13_13_12_46_199.jpg,/IMG/right_2017_02_13_13_12_46_199.jpg,-0.5000001,0,0,27.23245
/IMG/center_2017_02_13_13_12_48_168.jpg,/IMG/left_2017_02_13_13_12_48_168.jpg,/IMG/right_2017_02_13_13_12_48_168.jpg,-0.15,0,0,29.21229
/IMG/center_2017_02_13_13_12_48_240.jpg,/IMG/left_2017_02_13_13_12_48_240.jpg,/IMG/right_2017_02_13_13_12_48_240.jpg,-0.3,0,0,28.99181
/IMG/center_2017_02_13_13_12_48_310.jpg,/IMG/left_2017_02_13_13_12_48_310.jpg,/IMG/right_2017_02_13_13_12_48_310.jpg,-0.5000001,0,0,28.62619
/IMG/center_2017_02_13_13_12_48_384.jpg,/IMG/left_2017_02_13_13_12_48_384.jpg,/IMG/right_2017_02_13_13_12_48_384.jpg,-0.7,0,0,28.17717
/IMG/center_2017_02_13_13_12_52_713.jpg,/IMG/left_2017_02_13_13_12_52_713.jpg,/IMG/right_2017_02_13_13_12_52_713.jpg,-0.05,0,0,29.81501
/IMG/center_2017_02_13_13_12_52_781.jpg,/IMG/left_2017_02_13_13_12_52_781.jpg,/IMG/right_2017_02_13_13_12_52_781.jpg,-0.2,0,0,29.61715
/IMG/center_2017_02_13_13_12_52_851.jpg,/IMG/left_2017_02_13_13_12_52_851.jpg,/IMG/right_2017_02_13_13_12_52_851.jpg,-0.4,0,0,29.28841
/IMG/center_2017_02_13_13_12_52_923.jpg,/IMG/left_2017_02_13_13_12_52_923.jpg,/IMG/right_2017_02_13_13_12_52_923.jpg,-0.6000001,0,0,28.87436
/IMG/center_2017_02_13_13_12_52_990.jpg,/IMG/left_2017_02_13_13_12_52_990.jpg,/IMG/right_2017_02_13_13_12_52_990.jpg,-0.7500002,0,0,28.50866
/IMG/center_2017_02_13_13_12_58_178.jpg,/IMG/left_2017_02_13_13_12_58_178.jpg,/IMG/right_2017_02_13_13_12_58_178.jpg,-0.15,0,0,29.80252
/IMG/center_2017_02_13_13_12_58_249.jpg,/IMG/left_2017_02_13_13_12_58_249.jpg,/IMG/right_2017_02_13_13_12_58_249.jpg,-0.35,0,0,29.49356
/IMG/center_2017_02_13_13_12_58_317.jpg,/IMG/left_2017_02_13_13_12_58_317.jpg,/IMG/right_2017_02_13_13_12_58_317.jpg,-0.5000001,0,0,29.20639
/IMG/center_2017_02_13_13_12_58_665.jpg,/IMG/left_2017_02_13_13_12_58_665.jpg,/IMG/right_2017_02_13_13_12_58_665.jpg,-0.15,0,0,28.01904
/IMG/center_2017_02_13_13_12_58_733.jpg,/IMG/left_2017_02_13_13_12_58_733.jpg,/IMG/right_2017_02_13_13_12_58_733.jpg,-0.3,0,0,27.81383
/IMG/center_2017_02_13_13_13_03_622.jpg,/IMG/left_2017_02_13_13_13_03_622.jpg,/IMG/right_2017_02_13_13_13_03_622.jpg,-0.1,0.5360771,0,30.07606
/IMG/center_2017_02_13_13_13_03_696.jpg,/IMG/left_2017_02_13_13_13_03_696.jpg,/IMG/right_2017_02_13_13_13_03_696.jpg,-0.25,0.336424,0,30.02024
/IMG/center_2017_02_13_13_13_03_769.jpg,/IMG/left_2017_02_13_13_13_03_769.jpg,/IMG/right_2017_02_13_13_13_03_769.jpg,-0.45,0.09535313,0,29.87759
/IMG/center_2017_02_13_13_13_03_837.jpg,/IMG/left_2017_02_13_13_13_03_837.jpg,/IMG/right_2017_02_13_13_13_03_837.jpg,-0.6000001,0,0,29.57926
/IMG/center_2017_02_13_13_13_08_290.jpg,/IMG/left_2017_02_13_13_13_08_290.jpg,/IMG/right_2017_02_13_13_13_08_290.jpg,-0.05,0,0,29.88589
/IMG/center_2017_02_13_13_13_08_361.jpg,/IMG/left_2017_02_13_13_13_08_361.jpg,/IMG/right_2017_02_13_13_13_08_361.jpg,-0.2,0,0,29.68343
/IMG/center_2017_02_13_13_13_08_431.jpg,/IMG/left_2017_02_13_13_13_08_431.jpg,/IMG/right_2017_02_13_13_13_08_431.jpg,-0.4,0,0,29.35362
/IMG/center_2017_02_13_13_13_08_500.jpg,/IMG/left_2017_02_13_13_13_08_500.jpg,/IMG/right_2017_02_13_13_13_08_500.jpg,-0.5500001,0,0,29.0501
/IMG/center_2017_02_13_13_13_08_714.jpg,/IMG/left_2017_02_13_13_13_08_714.jpg,/IMG/right_2017_02_13_13_13_08_714.jpg,-0.05,0,0,28.31482
/IMG/center_2017_02_13_13_13_08_786.jpg,/IMG/left_2017_02_13_13_13_08_786.jpg,/IMG/right_2017_02_13_13_13_08_786.jpg,-0.25,0,0,28.06864
/IMG/center_2017_02_13_13_13_10_758.jpg,/IMG/left_2017_02_13_13_13_10_758.jpg,/IMG/right_2017_02_13_13_13_10_758.jpg,-0.15,0.6350531,0,30.09805
/IMG/center_2017_02_13_13_13_10_826.jpg,/IMG/left_2017_02_13_13_13_10_826.jpg,/IMG/right_2017_02_13_13_13_10_826.jpg,-0.35,0.3860862,0,30.023
/IMG/center_2017_02_13_13_13_10_893.jpg,/IMG/left_2017_02_13_13_13_10_893.jpg,/IMG/right_2017_02_13_13_13_10_893.jpg,-0.5000001,0.2072442,0,29.93434
/IMG/center_2017_02_13_13_13_12_931.jpg,/IMG/left_2017_02_13_13_13_12_931.jpg,/IMG/right_2017_02_13_13_13_12_931.jpg,-0.05,0,0,29.81438
/IMG/center_2017_02_13_13_13_13_000.jpg,/IMG/left_2017_02_13_13_13_13_000.jpg,/IMG/right_2017_02_13_13_13_13_000.jpg,-0.2,0,0,29.61673
/IMG/center_2017_02_13_13_13_13_069.jpg,/IMG/left_2017_02_13_13_13_13_069.jpg,/IMG/right_2017_02_13_13_13_13_069.jpg,-0.4,0,0,29.28754
/IMG/center_2017_02_13_13_13_13_137.jpg,/IMG/left_2017_02_13_13_13_13_137.jpg,/IMG/right_2017_02_13_13_13_13_137.jpg,-0.5500001,0,0,28.9848
/IMG/center_2017_02_13_13_13_13_341.jpg,/IMG/left_2017_02_13_13_13_13_341.jpg,/IMG/right_2017_02_13_13_13_13_341.jpg,-0.15,0,0,28.36895
/IMG/center_2017_02_13_13_13_13_413.jpg,/IMG/left_2017_02_13_13_13_13_413.jpg,/IMG/right_2017_02_13_13_13_13_413.jpg,-0.35,0,0,28.09218
/IMG/center_2017_02_13_13_13_13_482.jpg,/IMG/left_2017_02_13_13_13_13_482.jpg,/IMG/right_2017_02_13_13_13_13_482.jpg,-0.5500001,0,0,27.73024
/IMG/center_2017_02_13_13_13_14_798.jpg,/IMG/left_2017_02_13_13_13_14_798.jpg,/IMG/right_2017_02_13_13_13_14_798.jpg,-0.15,0,0,29.68139
/IMG/center_2017_02_13_13_13_14_868.jpg,/IMG/left_2017_02_13_13_13_14_868.jpg,/IMG/right_2017_02_13_13_13_14_868.jpg,-0.35,0,0,29.37269
/IMG/center_2017_02_13_13_13_14_938.jpg,/IMG/left_2017_02_13_13_13_14_938.jpg,/IMG/right_2017_02_13_13_13_14_938.jpg,-0.5000001,0,0,29.08614
/IMG/center_2017_02_13_13_13_15_151.jpg,/IMG/left_2017_02_13_13_13_15_151.jpg,/IMG/right_2017_02_13_13_13_15_151.jpg,-0.15,0,0,28.24449
/IMG/center_2017_02_13_13_13_15_222.jpg,/IMG/left_2017_02_13_13_13_15_222.jpg,/IMG/right_2017_02_13_13_13_15_222.jpg,-0.3,0,0,28.05503
/IMG/center_2017_02_13_13_13_15_292.jpg,/IMG/left_2017_02_13_13_13_15_292.jpg,/IMG/right_2017_02_13_13_13_15_292.jpg,-0.5000001,0,0,27.72694
/IMG/center_2017_02_13_13_13_15_358.jpg,/IMG/left_2017_02_13_13_13_15_358.jpg,/IMG/right_2017_02_13_13_13_15_358.jpg,-0.6500001,0,0,27.42142
/IMG/center_2017_02_13_13_13_17_120.jpg,/IMG/left_2017_02_13_13_13_17_120.jpg,/IMG/right_2017_02_13_13_13_17_120.jpg,-0.05,0.197512,0,30.00144
/IMG/center_2017_02_13_13_13_17_187.jpg,/IMG/left_2017_02_13_13_13_17_187.jpg,/IMG/right_2017_02_13_13_13_17_187.jpg,-0.25,0,0,29.8153
/IMG/center_2017_02_13_13_13_17_259.jpg,/IMG/left_2017_02_13_13_13_17_259.jpg,/IMG/right_2017_02_13_13_13_17_259.jpg,-0.4,0,0,29.55814
/IMG/center_2017_02_13_13_13_17_326.jpg,/IMG/left_2017_02_13_13_13_17_326.jpg,/IMG/right_2017_02_13_13_13_17_326.jpg,-0.6000001,0,0,29.13943
/IMG/center_2017_02_13_13_13_17_611.jpg,/IMG/left_2017_02_13_13_13_17_611.jpg,/IMG/right_2017_02_13_13_13_17_611.jpg,-0.15,0,0,28.13895
/IMG/center_2017_02_13_13_13_17_680.jpg,/IMG/left_2017_02_13_13_13_17_680.jpg,/IMG/right_2017_02_13_13_13_17_680.jpg,-0.3,0,0,27.93969
/IMG/center_2017_02_13_13_13_17_749.jpg,/IMG/left_2017_02_13_13_13_17_749.jpg,/IMG/right_2017_02_13_13_13_17_749.jpg,-0.5000001,0,0,27.60054
/IMG/center_2017_02_13_13_13_17_820.jpg,/IMG/left_2017_02_13_13_13_17_820.jpg,/IMG/right_2017_02_13_13_13_17_820.jpg,-0.6500001,0,0,27.28905
/IMG/center_2017_02_13_13_13_18_033.jpg,/IMG/left_2017_02_13_13_13_18_033.jpg,/IMG/right_2017_02_13_13_13_18_033.jpg,-0.15,0,0,26.63532
/IMG/center_2017_02_13_13_13_18_588.jpg,/IMG/left_2017_02_13_13_13_18_588.jpg,/IMG/right_2017_02_13_13_13_18_588.jpg,-0.15,0.3589799,0,28.37989
/IMG/center_2017_02_13_13_13_18_655.jpg,/IMG/left_2017_02_13_13_13_18_655.jpg,/IMG/right_2017_02_13_13_13_18_655.jpg,-0.3,0.1768679,0,28.36913
/IMG/center_2017_02_13_13_13_18_726.jpg,/IMG/left_2017_02_13_13_13_18_726.jpg,/IMG/right_2017_02_13_13_13_18_726.jpg,-0.5000001,0,0,28.09092
/IMG/center_2017_02_13_13_13_18_795.jpg,/IMG/left_2017_02_13_13_13_18_795.jpg,/IMG/right_2017_02_13_13_13_18_795.jpg,-0.6500001,0,0,27.76856
/IMG/center_2017_02_13_13_13_18_935.jpg,/IMG/left_2017_02_13_13_13_18_935.jpg,/IMG/right_2017_02_13_13_13_18_935.jpg,-0.05,0,0,27.32841
/IMG/center_2017_02_13_13_13_19_004.jpg,/IMG/left_2017_02_13_13_13_19_004.jpg,/IMG/right_2017_02_13_13_13_19_004.jpg,-0.25,0,0,27.09875
/IMG/center_2017_02_13_13_13_19_075.jpg,/IMG/left_2017_02_13_13_13_19_075.jpg,/IMG/right_2017_02_13_13_13_19_075.jpg,-0.4,0,0,26.88334
/IMG/center_2017_02_13_13_13_20_840.jpg,/IMG/left_2017_02_13_13_13_20_840.jpg,/IMG/right_2017_02_13_13_13_20_840.jpg,-0.05,0.366169,0,30.03636
/IMG/center_2017_02_13_13_13_20_911.jpg,/IMG/left_2017_02_13_13_13_20_911.jpg,/IMG/right_2017_02_13_13_13_20_911.jpg,-0.25,0.134344,0,29.94971
/IMG/center_2017_02_13_13_13_20_981.jpg,/IMG/left_2017_02_13_13_13_20_981.jpg,/IMG/right_2017_02_13_13_13_20_981.jpg,-0.4,0,0,29.73006
/IMG/center_2017_02_13_13_13_21_054.jpg,/IMG/left_2017_02_13_13_13_21_054.jpg,/IMG/right_2017_02_13_13_13_21_054.jpg,-0.6000001,0,0,29.31101
/IMG/center_2017_02_13_13_13_21_342.jpg,/IMG/left_2017_02_13_13_13_21_342.jpg,/IMG/right_2017_02_13_13_13_21_342.jpg,-0.15,0,0,28.23146
/IMG/center_2017_02_13_13_13_21_411.jpg,/IMG/left_2017_02_13_13_13_21_411.jpg,/IMG/right_2017_02_13_13_13_21_411.jpg,-0.35,0,0,27.9614
/IMG/center_2017_02_13_13_13_23_686.jpg,/IMG/left_2017_02_13_13_13_23_686.jpg,/IMG/right_2017_02_13_13_13_23_686.jpg,-0.05,0.361525,0,30.04089
/IMG/center_2017_02_13_13_13_23_753.jpg,/IMG/left_2017_02_13_13_13_23_753.jpg,/IMG/right_2017_02_13_13_13_23_753.jpg,-0.2,0.1847921,0,29.98833
/IMG/center_2017_02_13_13_13_23_821.jpg,/IMG/left_2017_02_13_13_13_23_821.jpg,/IMG/right_2017_02_13_13_13_23_821.jpg,-0.35,0.005449057,0,29.82011
/IMG/center_2017_02_13_13_13_23_894.jpg,/IMG/left_2017_02_13_13_13_23_894.jpg,/IMG/right_2017_02_13_13_13_23_894.jpg,-0.5500001,0,0,29.42221
/IMG/center_2017_02_13_13_13_24_110.jpg,/IMG/left_2017_02_13_13_13_24_110.jpg,/IMG/right_2017_02_13_13_13_24_110.jpg,-0.1,0,0,28.61534
/IMG/center_2017_02_13_13_13_24_180.jpg,/IMG/left_2017_02_13_13_13_24_180.jpg,/IMG/right_2017_02_13_13_13_24_180.jpg,-0.25,0,0,28.42973
/IMG/center_2017_02_13_13_13_28_957.jpg,/IMG/left_2017_02_13_13_13_28_957.jpg,/IMG/right_2017_02_13_13_13_28_957.jpg,-0.05,0,0,29.09189
/IMG/center_2017_02_13_13_13_29_031.jpg,/IMG/left_2017_02_13_13_13_29_031.jpg,/IMG/right_2017_02_13_13_13_29_031.jpg,-0.25,0,0,28.82332
/IMG/center_2017_02_13_13_13_29_104.jpg,/IMG/left_2017_02_13_13_13_29_104.jpg,/IMG/right_2017_02_13_13_13_29_104.jpg,-0.45,0,0,28.47864
/IMG/center_2017_02_13_13_13_29_174.jpg,/IMG/left_2017_02_13_13_13_29_174.jpg,/IMG/right_2017_02_13_13_13_29_174.jpg,-0.6000001,0,0,28.16468
/IMG/center_2017_02_17_14_36_56_073.jpg,/IMG/left_2017_02_17_14_36_56_073.jpg,/IMG/right_2017_02_17_14_36_56_073.jpg,-0.2176813,1,0,3018272
/IMG/center_2017_02_17_14_36_56_146.jpg,/IMG/left_2017_02_17_14_36_56_146.jpg,/IMG/right_2017_02_17_14_36_56_146.jpg,-0.2504054,1,0,3018251
/IMG/center_2017_02_17_14_36_56_218.jpg,/IMG/left_2017_02_17_14_36_56_218.jpg,/IMG/right_2017_02_17_14_36_56_218.jpg,-0.2569649,1,0,3018493
/IMG/center_2017_02_17_14_36_56_300.jpg,/IMG/left_2017_02_17_14_36_56_300.jpg,/IMG/right_2017_02_17_14_36_56_300.jpg,-0.2569649,1,0,3018675
/IMG/center_2017_02_17_14_36_56_371.jpg,/IMG/left_2017_02_17_14_36_56_371.jpg,/IMG/right_2017_02_17_14_36_56_371.jpg,-0.2569649,1,0,3018758
/IMG/center_2017_02_17_14_36_56_449.jpg,/IMG/left_2017_02_17_14_36_56_449.jpg,/IMG/right_2017_02_17_14_36_56_449.jpg,-0.2569649,1,0,3018829
/IMG/center_2017_02_17_14_36_56_519.jpg,/IMG/left_2017_02_17_14_36_56_519.jpg,/IMG/right_2017_02_17_14_36_56_519.jpg,-0.2569649,1,0,3018846
/IMG/center_2017_02_17_14_36_56_586.jpg,/IMG/left_2017_02_17_14_36_56_586.jpg,/IMG/right_2017_02_17_14_36_56_586.jpg,-0.2569649,1,0,3018886
/IMG/center_2017_02_17_14_36_56_660.jpg,/IMG/left_2017_02_17_14_36_56_660.jpg,/IMG/right_2017_02_17_14_36_56_660.jpg,-0.2569649,1,0,3018918
/IMG/center_2017_02_17_14_36_56_735.jpg,/IMG/left_2017_02_17_14_36_56_735.jpg,/IMG/right_2017_02_17_14_36_56_735.jpg,-0.2377285,1,0,3019025
/IMG/center_2017_02_17_14_38_13_086.jpg,/IMG/left_2017_02_17_14_38_13_086.jpg,/IMG/right_2017_02_17_14_38_13_086.jpg,-0.25,1,0,1915767
/IMG/center_2017_02_17_14_38_13_174.jpg,/IMG/left_2017_02_17_14_38_13_174.jpg,/IMG/right_2017_02_17_14_38_13_174.jpg,-0.5000001,1,0,1999547
/IMG/center_2017_02_17_14_38_13_247.jpg,/IMG/left_2017_02_17_14_38_13_247.jpg,/IMG/right_2017_02_17_14_38_13_247.jpg,-0.6500001,1,0,2051156
/IMG/center_2017_02_17_14_38_13_348.jpg,/IMG/left_2017_02_17_14_38_13_348.jpg,/IMG/right_2017_02_17_14_38_13_348.jpg,-0.9000002,1,0,2103893
/IMG/center_2017_02_17_14_38_13_418.jpg,/IMG/left_2017_02_17_14_38_13_418.jpg,/IMG/right_2017_02_17_14_38_13_418.jpg,-1,1,0,2171383
/IMG/center_2017_02_17_14_38_13_488.jpg,/IMG/left_2017_02_17_14_38_13_488.jpg,/IMG/right_2017_02_17_14_38_13_488.jpg,-1,1,0,2220185
/IMG/center_2017_02_17_14_38_13_556.jpg,/IMG/left_2017_02_17_14_38_13_556.jpg,/IMG/right_2017_02_17_14_38_13_556.jpg,-1,1,0,2287891
/IMG/center_2017_02_17_14_38_13_630.jpg,/IMG/left_2017_02_17_14_38_13_630.jpg,/IMG/right_2017_02_17_14_38_13_630.jpg,-1,1,0,2343993
/IMG/center_2017_02_17_14_38_14_614.jpg,/IMG/left_2017_02_17_14_38_14_614.jpg,/IMG/right_2017_02_17_14_38_14_614.jpg,-0.2,1,0,3017887
/IMG/center_2017_02_17_14_38_14_684.jpg,/IMG/left_2017_02_17_14_38_14_684.jpg,/IMG/right_2017_02_17_14_38_14_684.jpg,-0.35,1,0,3016221
/IMG/center_2017_02_17_14_38_15_555.jpg,/IMG/left_2017_02_17_14_38_15_555.jpg,/IMG/right_2017_02_17_14_38_15_555.jpg,-0.45,1,0,3013953
/IMG/center_2017_02_17_14_38_15_627.jpg,/IMG/left_2017_02_17_14_38_15_627.jpg,/IMG/right_2017_02_17_14_38_15_627.jpg,-0.6000001,1,0,3012559
/IMG/center_2017_02_17_14_38_15_696.jpg,/IMG/left_2017_02_17_14_38_15_696.jpg,/IMG/right_2017_02_17_14_38_15_696.jpg,-0.8000001,1,0,3010693
/IMG/center_2017_02_17_14_38_15_764.jpg,/IMG/left_2017_02_17_14_38_15_764.jpg,/IMG/right_2017_02_17_14_38_15_764.jpg,-0.9500002,1,0,3009556
/IMG/center_2017_02_17_14_38_16_839.jpg,/IMG/left_2017_02_17_14_38_16_839.jpg,/IMG/right_2017_02_17_14_38_16_839.jpg,-0.3,1,0,3016935
/IMG/center_2017_02_17_14_38_16_906.jpg,/IMG/left_2017_02_17_14_38_16_906.jpg,/IMG/right_2017_02_17_14_38_16_906.jpg,-0.45,1,0,3015189
/IMG/center_2017_02_17_14_38_16_981.jpg,/IMG/left_2017_02_17_14_38_16_981.jpg,/IMG/right_2017_02_17_14_38_16_981.jpg,-0.6500001,1,0,3012802
/IMG/center_2017_02_17_14_38_18_107.jpg,/IMG/left_2017_02_17_14_38_18_107.jpg,/IMG/right_2017_02_17_14_38_18_107.jpg,-0.3,1,0,3016863
/IMG/center_2017_02_17_14_38_18_187.jpg,/IMG/left_2017_02_17_14_38_18_187.jpg,/IMG/right_2017_02_17_14_38_18_187.jpg,-0.5000001,1,0,3014532
/IMG/center_2017_02_17_14_38_18_262.jpg,/IMG/left_2017_02_17_14_38_18_262.jpg,/IMG/right_2017_02_17_14_38_18_262.jpg,-0.7,1,0,3012156
/IMG/center_2017_02_17_14_38_18_336.jpg,/IMG/left_2017_02_17_14_38_18_336.jpg,/IMG/right_2017_02_17_14_38_18_336.jpg,-0.9000002,1,0,3010189
/IMG/center_2017_02_17_14_38_18_408.jpg,/IMG/left_2017_02_17_14_38_18_408.jpg,/IMG/right_2017_02_17_14_38_18_408.jpg,-1,1,0,3009765
/IMG/center_2017_02_17_14_38_19_300.jpg,/IMG/left_2017_02_17_14_38_19_300.jpg,/IMG/right_2017_02_17_14_38_19_300.jpg,-0.35,1,0,3016252
/IMG/center_2017_02_17_14_38_19_372.jpg,/IMG/left_2017_02_17_14_38_19_372.jpg,/IMG/right_2017_02_17_14_38_19_372.jpg,-0.5000001,1,0,3014471
/IMG/center_2017_02_17_14_38_20_284.jpg,/IMG/left_2017_02_17_14_38_20_284.jpg,/IMG/right_2017_02_17_14_38_20_284.jpg,-0.25,1,0,3016964
/IMG/center_2017_02_17_14_38_20_358.jpg,/IMG/left_2017_02_17_14_38_20_358.jpg,/IMG/right_2017_02_17_14_38_20_358.jpg,-0.45,1,0,3014572
/IMG/center_2017_02_17_14_38_20_454.jpg,/IMG/left_2017_02_17_14_38_20_454.jpg,/IMG/right_2017_02_17_14_38_20_454.jpg,-0.7,1,0,3011841
/IMG/center_2017_02_17_14_38_20_645.jpg,/IMG/left_2017_02_17_14_38_20_645.jpg,/IMG/right_2017_02_17_14_38_20_645.jpg,-1,1,0,301061
/IMG/center_2017_02_17_14_38_22_221.jpg,/IMG/left_2017_02_17_14_38_22_221.jpg,/IMG/right_2017_02_17_14_38_22_221.jpg,-0.3,1,0,3016764
/IMG/center_2017_02_17_14_38_22_303.jpg,/IMG/left_2017_02_17_14_38_22_303.jpg,/IMG/right_2017_02_17_14_38_22_303.jpg,-0.5000001,1,0,301446
/IMG/center_2017_02_17_14_38_22_381.jpg,/IMG/left_2017_02_17_14_38_22_381.jpg,/IMG/right_2017_02_17_14_38_22_381.jpg,-0.7,1,0,3012107
/IMG/center_2017_02_17_14_38_22_452.jpg,/IMG/left_2017_02_17_14_38_22_452.jpg,/IMG/right_2017_02_17_14_38_22_452.jpg,-0.8500001,1,0,3010569
/IMG/center_2017_02_17_14_38_23_286.jpg,/IMG/left_2017_02_17_14_38_23_286.jpg,/IMG/right_2017_02_17_14_38_23_286.jpg,-0.3,1,0,301683
/IMG/center_2017_02_17_14_38_23_355.jpg,/IMG/left_2017_02_17_14_38_23_355.jpg,/IMG/right_2017_02_17_14_38_23_355.jpg,-0.5000001,1,0,3014527
/IMG/center_2017_02_17_14_38_23_447.jpg,/IMG/left_2017_02_17_14_38_23_447.jpg,/IMG/right_2017_02_17_14_38_23_447.jpg,-0.7,1,0,3012063
/IMG/center_2017_02_17_14_38_23_517.jpg,/IMG/left_2017_02_17_14_38_23_517.jpg,/IMG/right_2017_02_17_14_38_23_517.jpg,-0.9000002,1,0,3010059
/IMG/center_2017_02_17_14_38_24_773.jpg,/IMG/left_2017_02_17_14_38_24_773.jpg,/IMG/right_2017_02_17_14_38_24_773.jpg,-0.2,1,0,3018208
/IMG/center_2017_02_17_14_38_24_851.jpg,/IMG/left_2017_02_17_14_38_24_851.jpg,/IMG/right_2017_02_17_14_38_24_851.jpg,-0.35,1,0,3016232
/IMG/center_2017_02_17_14_38_24_920.jpg,/IMG/left_2017_02_17_14_38_24_920.jpg,/IMG/right_2017_02_17_14_38_24_920.jpg,-0.5500001,1,0,3013905
/IMG/center_2017_02_17_14_38_25_320.jpg,/IMG/left_2017_02_17_14_38_25_320.jpg,/IMG/right_2017_02_17_14_38_25_320.jpg,-0.3,1,0,3017091
/IMG/center_2017_02_17_14_38_25_413.jpg,/IMG/left_2017_02_17_14_38_25_413.jpg,/IMG/right_2017_02_17_14_38_25_413.jpg,-0.5500001,1,0,3014149
/IMG/center_2017_02_17_14_38_25_482.jpg,/IMG/left_2017_02_17_14_38_25_482.jpg,/IMG/right_2017_02_17_14_38_25_482.jpg,-0.7,1,0,3012377
/IMG/center_2017_02_17_14_38_25_555.jpg,/IMG/left_2017_02_17_14_38_25_555.jpg,/IMG/right_2017_02_17_14_38_25_555.jpg,-0.9000002,1,0,3010041
/IMG/center_2017_02_17_14_38_26_768.jpg,/IMG/left_2017_02_17_14_38_26_768.jpg,/IMG/right_2017_02_17_14_38_26_768.jpg,-0.25,1,0,3017336
/IMG/center_2017_02_17_14_38_26_851.jpg,/IMG/left_2017_02_17_14_38_26_851.jpg,/IMG/right_2017_02_17_14_38_26_851.jpg,-0.45,1,0,3015071
/IMG/center_2017_02_17_14_38_27_156.jpg,/IMG/left_2017_02_17_14_38_27_156.jpg,/IMG/right_2017_02_17_14_38_27_156.jpg,-0.4,1,0,301618
/IMG/center_2017_02_17_14_38_27_376.jpg,/IMG/left_2017_02_17_14_38_27_376.jpg,/IMG/right_2017_02_17_14_38_27_376.jpg,-0.3,1,0,3017448
/IMG/center_2017_02_17_14_38_27_674.jpg,/IMG/left_2017_02_17_14_38_27_674.jpg,/IMG/right_2017_02_17_14_38_27_674.jpg,-0.2,1,0,3018214
/IMG/center_2017_02_17_14_38_27_746.jpg,/IMG/left_2017_02_17_14_38_27_746.jpg,/IMG/right_2017_02_17_14_38_27_746.jpg,-0.35,1,0,3016587
/IMG/center_2017_02_17_14_38_28_699.jpg,/IMG/left_2017_02_17_14_38_28_699.jpg,/IMG/right_2017_02_17_14_38_28_699.jpg,-0.35,1,0,3016032
/IMG/center_2017_02_17_14_38_28_775.jpg,/IMG/left_2017_02_17_14_38_28_775.jpg,/IMG/right_2017_02_17_14_38_28_775.jpg,-0.5500001,1,0,3013749
/IMG/center_2017_02_17_14_38_29_010.jpg,/IMG/left_2017_02_17_14_38_29_010.jpg,/IMG/right_2017_02_17_14_38_29_010.jpg,-0.25,1,0,3018265
/IMG/center_2017_02_17_14_38_29_613.jpg,/IMG/left_2017_02_17_14_38_29_613.jpg,/IMG/right_2017_02_17_14_38_29_613.jpg,-0.25,1,0,3017531
/IMG/center_2017_02_17_14_38_29_795.jpg,/IMG/left_2017_02_17_14_38_29_795.jpg,/IMG/right_2017_02_17_14_38_29_795.jpg,-0.2,1,0,3018477
/IMG/center_2017_02_17_14_38_29_862.jpg,/IMG/left_2017_02_17_14_38_29_862.jpg,/IMG/right_2017_02_17_14_38_29_862.jpg,-0.35,1,0,3016879
/IMG/center_2017_02_17_14_38_29_940.jpg,/IMG/left_2017_02_17_14_38_29_940.jpg,/IMG/right_2017_02_17_14_38_29_940.jpg,-0.5500001,1,0,301434
/IMG/center_2017_02_17_14_38_30_234.jpg,/IMG/left_2017_02_17_14_38_30_234.jpg,/IMG/right_2017_02_17_14_38_30_234.jpg,-0.3,1,0,3017684
/IMG/center_2017_02_17_14_38_31_302.jpg,/IMG/left_2017_02_17_14_38_31_302.jpg,/IMG/right_2017_02_17_14_38_31_302.jpg,-0.2,1,0,2992449
/IMG/center_2017_02_17_14_38_31_371.jpg,/IMG/left_2017_02_17_14_38_31_371.jpg,/IMG/right_2017_02_17_14_38_31_371.jpg,-0.35,1,0,3011659
/IMG/center_2017_02_17_14_38_31_448.jpg,/IMG/left_2017_02_17_14_38_31_448.jpg,/IMG/right_2017_02_17_14_38_31_448.jpg,-0.5500001,1,0,2989301
/IMG/center_2017_02_17_14_38_31_520.jpg,/IMG/left_2017_02_17_14_38_31_520.jpg,/IMG/right_2017_02_17_14_38_31_520.jpg,-0.7500002,1,0,2948644
/IMG/center_2017_02_17_14_38_31_619.jpg,/IMG/left_2017_02_17_14_38_31_619.jpg,/IMG/right_2017_02_17_14_38_31_619.jpg,-1,1,0,2947699
/IMG/center_2017_02_17_14_38_31_687.jpg,/IMG/left_2017_02_17_14_38_31_687.jpg,/IMG/right_2017_02_17_14_38_31_687.jpg,-1,1,0,2917886
/IMG/center_2017_02_17_14_38_31_760.jpg,/IMG/left_2017_02_17_14_38_31_760.jpg,/IMG/right_2017_02_17_14_38_31_760.jpg,-1,1,0,2889863
/IMG/center_2017_02_17_14_38_31_829.jpg,/IMG/left_2017_02_17_14_38_31_829.jpg,/IMG/right_2017_02_17_14_38_31_829.jpg,-1,0.8304729,0,2886275
/IMG/center_2017_02_17_14_38_32_066.jpg,/IMG/left_2017_02_17_14_38_32_066.jpg,/IMG/right_2017_02_17_14_38_32_066.jpg,-0.2,0.08955097,0,3015639